OverallQual,Train Proportion,Test Proportion
1,0.0017123287671232876,0.0
2,0.0017123287671232876,0.003424657534246575
3,0.0136986301369863,0.0136986301369863
4,0.07962328767123288,0.07876712328767123
5,0.2722602739726027,0.2705479452054795
6,0.2559931506849315,0.2568493150684932
7,0.2183219178082192,0.2191780821917808
8,0.11558219178082192,0.11301369863013698
9,0.02910958904109589,0.030821917808219176
10,0.011986301369863013,0.0136986301369863
